INSERT INTO users (id, name, age) VALUES
(1, "Tom", 19),
(2, "Joe", 45),
(3, "Garfunkel", 45),
(4, "Bert", 45),
(5, "Billy", 45),
(6, "Anthony", 45),
(7, "Ruprert", 45),
(8, "George", 45),
(9, "Sam", 45),
(10, "Alyssa", 45),
(11, "Joan", 45),
(12, "Harry", 45),
(13, "Meagan", 45),
(14, "Kanye", 45),
(15, "XAE - 12", 45),
(16, "Elon", 45),
(17, "Tony", 45),
(18, "Nikki", 45),
(19, "Bart", 45),
(20, "Peter", 45);

INSERT INTO projects (id, title, category, funding_goal, start_date, end_date) VALUES
(1, "iPhone", "Technology", 10000000, "April 17, 2021", "October 9, 2021"),
(2, "Android", "Technology", 200000000, "April 17, 2021", "October 9, 2021"),
(3, "Sliced Bread", "Food", 40000, "April 17, 2021", "October 9, 2021"),
(4, "A Kinda Interesting Book", "Books", 5000000000, "April 17, 2021", "October 9, 2021"),
(5, "Another House Flipping Show", "Reality TV", 50000, "April 17, 2021", "October 9, 2021"),
(6, "A car that no one can afford", "Automobile", 999000, "April 17, 2021", "October 9, 2021"),
(7, "iPhone", "Technology", 180, "April 17, 2021", "October 9, 2021"),
(8, "iPhone", "Technology", 40000000, "April 17, 2021", "October 9, 2021"),
(9, "iPhone", "Technology", 80000, "April 17, 2021", "October 9, 2021"),
(10, "iPhone", "Technology", 65, "April 17, 2021", "October 9, 2021");

INSERT INTO pledges (id, amount, user_id, project_id) VALUES
(1, 100, 20, 5),
(2, 1000, 19, 6),
(3, 10000, 18, 7),
(4, 100000, 17, 8),
(5, 1000000, 16, 9),
(6, 10000000, 15, 10),
(7, 50000, 14, 1),
(8, 120, 13, 2),
(9, 16, 12, 3),
(10, 5, 11, 4),
(11, 1000, 10, 5),
(12, 280, 9, 6),
(13, 55, 8, 7),
(14, 10, 7, 8),
(15, 1500, 6, 9),
(16, 6100, 5, 10),
(17, 100, 4, 1),
(18, 82100, 3, 2),
(19, 50000, 2, 3),
(20, 92000, 1, 4),
(21, 300, 15, 5),
(22, 199, 12, 6),
(23, 299, 18, 7),
(24, 999, 1, 8),
(25, 88, 2, 9),
(26, 10, 5, 10),
(27, 82, 8, 4),
(28, 18, 9, 8),
(29, 56, 10, 6),
(30, 100, 16, 1);